Nama,Kehadiran,Nilai_Tugas,Nilai_Ujian,Lama_Belajar,Status
Andi,92,88,90,3.5,Lulus
Budi,78,72,70,2.0,Lulus
Citra,95,94,96,4.0,Lulus
Dina,68,65,62,1.5,Tidak Lulus
Eka,85,80,79,2.5,Lulus
Fajar,73,70,68,1.8,Tidak Lulus
Gina,98,96,97,4.5,Lulus
Hadi,81,76,74,2.2,Lulus
Intan,64,60,58,1.2,Tidak Lulus
Joko,89,84,86,3.0,Lulus
Kiki,76,74,71,2.1,Lulus
Lina,93,90,91,3.8,Lulus
Maya,70,68,65,1.7,Tidak Lulus
Nanda,87,83,82,2.9,Lulus
Oki,66,62,60,1.4,Tidak Lulus
Putri,91,89,93,3.7,Lulus
Rian,79,75,73,2.3,Lulus
Sari,96,92,95,4.2,Lulus
Tono,71,67,64,1.6,Tidak Lulus
Wulan,88,86,84,3.1,Lulus
