student_id,name,attendance_pct,study_hours,math_score,informatics_score,english_score,class
S001,Andi,96,8,88,91,84,10A
S002,Budi,91,6,79,85,80,10A
S003,Citra,98,9,94,96,92,10A
S004,Dewi,87,5,72,78,76,10A
S005,Eka,93,7,85,88,86,10A
S006,Fajar,82,4,68,70,73,10B
S007,Gita,95,8,90,93,89,10B
S008,Hadi,89,5,75,81,77,10B
S009,Intan,99,10,96,98,94,10B
S010,Joko,84,3,65,69,70,10B
S011,Kiki,92,6,81,84,82,10A
S012,Lina,97,9,92,95,91,10A
S013,Maya,88,5,74,79,78,10A
S014,Nanda,94,7,86,90,87,10A
S015,Oki,80,3,62,66,69,10A
S016,Putri,96,8,89,94,90,10B
S017,Qori,90,6,78,83,81,10B
S018,Raka,85,4,70,74,72,10B
S019,Salsa,98,9,95,97,93,10B
S020,Tono,83,4,67,71,70,10B
S021,Uli,91,6,80,86,83,10A
S022,Vina,99,10,97,99,95,10A
S023,Wahyu,86,4,71,76,74,10A
S024,Yuni,93,7,84,89,88,10A
S025,Zaki,81,3,64,68,71,10A
S026,Anisa,95,8,87,92,89,10B
S027,Bagas,89,5,76,80,78,10B
S028,Clara,97,9,93,96,92,10B
S029,Dimas,88,4,73,77,75,10B
S030,Elsa,94,7,86,91,88,10B